setting,accuracy,f1_weighted
degree_only,0.48333333333333334,0.3149812734082397
degree+community,0.48333333333333334,0.3149812734082397
degree+community+emb,0.9833333333333333,0.983364439467463
