{
    "link_prediction": {
        "fusion": {
            "mrr": 0.09761664767852414,
            "ndcg": 0.2695285740516474,
            "hit_at_10": 0.22
        },
        "semantic": {
            "mrr": 0.5334126984126982,
            "hit_at_10": 0.98
        }
    },
    "classification": {
        "accuracy": 0.9666666666666668,
        "f1_macro": 0.9707329707329708
    },
    "graph": {
        "n_nodes": 390,
        "n_edges": 1200,
        "density": 0.015819655922483685,
        "avg_degree": 6.153846153846154
    }
}