{
    "n_cv": 300,
    "n_job": 90,
    "n_edges": 1200,
    "density": 0.015819655922483685,
    "avg_degree_cv": 4.0,
    "avg_degree_job": 13.333333333333334,
    "top_5_closeness": [
        [
            "JOB_0080",
            0.33247863247863246
        ],
        [
            "JOB_0013",
            0.32525083612040134
        ],
        [
            "JOB_0033",
            0.32525083612040134
        ],
        [
            "JOB_0064",
            0.3199013157894737
        ],
        [
            "JOB_0056",
            0.31626016260162604
        ]
    ],
    "is_connected": true
}